{
    "loss": 3.0686917304992676,
    "accuracy": 0.7739012241363525
}