{
    "loss": 3.1724722385406494,
    "accuracy": 0.7571364045143127
}